章节,题型,题干,标准答案
古希腊早期哲学,名词解释,2021名词解释：数本原说,"毕达哥拉斯及其弟子在通过对数学的研究，探讨哲学的本原问题时，发现数量关系是事物的共同属性，从而将这种不具形体的、普遍的、抽象的""数""作为万物的本原。数作为万物的本原和开始，不仅是构成事物的质料，同时也是事物的属性，状况和模型。
①在所有的本原中，数是居于首位的，数和那些存在着的事物和生成的事物之间有着更多的相似性。
②数的属性是公正、灵魂、理智或机遇，其他事物都能用数来表示。
③在整个自然界中数是第一位的，数的属性就是万物的属性，整个天界是和谐与数。
该学派提出十对对立范畴:数有两种形式，即奇数和偶数,把奇数与偶数作为最根本对立。奇数是有定形的，是完满的；偶数是无定形的，是不完满的。
毕达哥拉斯学派以数为本原揭示了宇宙万物的生成过程。""数""有了普遍性，概括性和抽象性。但数毕竟只是量的规定，当它被用来解释如意见、正义与友爱等现象时，数仍不能彻底摆脱感觉经验的限制。"
古希腊早期哲学,名词解释,2021名词解释：德谟克里特,"德谟克里特是古希腊原子论的集大成者，提出原子------虚空学说，主张万物的本原是原子与虚空。虚空是原子运动的场所。
①他阐释了宇宙的生成：原子在虚空中进行漩涡运动，通过彼此间相互碰撞、分离、旋转与结合生成万物。轻原子被抛到虚空中，重原子则留在中心形成大地。
②他受恩培多克勒流射说的影响，提出影像说来解释感觉的产生。他认为当影像从外界进入时，感觉和思想就产生；若无影像撞击感官，感知就不能产生。
③他持约定论的观点，将知识分为两类。一类是由理智产生的真实知识，能够作为判别真理的尺度；另一类则是由感官产生的虚假知识，没有正确辨别真假的能力。
④他认为灵魂是由精细的球形原子构成的，是一种火或热的东西。在伦理观上，他认为如果想要达到灵魂的安宁，就必须克制欲乐、淡泊名利，追求神圣的、智慧的事物。"
古希腊早期哲学,名词解释,2022名词解释：火本原说,"火本原说是古希腊哲学家赫拉克利特提出的本原学说，是其哲学思想的核心内容。
①他认为火不仅是世界的本原，火转化为万物，万物又复归为火，而且在其燃烧和熄灭的过程中，火也受到一定原则的限制或支配，这个客观尺度就是逻各斯，因而其运动并不是随意的。
②他发挥了米利都学派关于本原无定性质的思想，提出""一切皆流，无物常驻""，以活火为象征，说明自然万物始终处在运动变化之中，真正不变的是变本身。
火本原说体现了朴素的辩证法，将世界的本质理解为永恒的运动和变化，对后世辩证法的发展影响深远。"
古希腊早期哲学,名词解释,"2023名词解释：""四根""说","四根说是古希腊哲学家恩培多克勒提出的本原学说，是古希腊多元论哲学的代表。
①他认为永恒不变的存在不是单一的，也不仅仅是思想的对象，而是构成万物的基本元素，他称之为根。他明确提出火、土、气、水四种元素是万物之根，这四种元素本身是永恒的，不死不灭的存在。每个根都是单独的个体，是一。四根依照不同比例组合在一起，就产生出可感事物，分解则是事物的消亡。
②四根本身并不具有组合与分解的能力，是友爱与争吵作为动力才使得它们分分合合。友爱是亲和力，靠它组合四根，生成万物。争吵是离散力，由它导致事物的消亡。这两种力量大小相同、作用相反，交互消长，形成了宇宙万物倏忽生灭、共同流转的总画面。
四根说突破了早期单一元素论，提出多元论的宇宙观，首次明确区分了质料因与动力因，对后世哲学的发展影响深远。"
古希腊早期哲学,名词解释,2024名词解释：气本原,"气本原是古希腊哲学家阿那克西美尼提出的本原学说。他继承并修正了阿那克西曼德的""无定""思想，主张万物的本原是气，万物因气的稀散和凝聚而生成。气蒸发生成火，凝结变为风，尔后形成云，再凝结为水，继之是土，最后变成石头，从这些事物中生成其余的一切。阿那克西美尼用气的稀散与凝聚这种量的变化，解释万物不同性质的产生，开创了用量说明质的思想路径。"
古希腊早期哲学,名词解释,补名词解释：始基,始基（本原）是早期希腊自然哲学的核心概念，指万物由之产生，毁灭后又复归于它的那个最基本的东西。哲学家们把始基看作世界的根源与基础，试图用自然本身解释世界，摆脱神话创世思维。泰勒斯最早提出水是万物的始基，开启了自然哲学对世界本原的探讨。始基学说标志着哲学思维的诞生，但其仍带有朴素直观的特点。
古希腊早期哲学,名词解释,2024名词解释：阿基里斯追龟,"阿基里斯追龟是芝诺为捍卫巴门尼德存在不动的观点而提出的著名运动悖论之一。阿基里斯是希腊跑得最快的英雄，乌龟则爬得最慢。芝诺论证：在赛跑中最快的永远赶不上最慢的。乌龟先行一段距离，而追赶者必须首先到达被追赶者起步的那一点，而此时被追赶者已经向前运动了一段距离。如此类推，由于空间无限可分，追赶者与被追赶者之间永远存在间距，所以乌龟永远必定领先。芝诺借此否认运动的真实性。这一悖论在后世哲学与数学中引发了对""无限""和""极限""的持续思考，促使人们重新审视运动、连续性与无穷分割的本质。"
古希腊早期哲学,名词解释,2025名词解释：麦里梭存在学说,"麦里梭是古希腊爱利亚学派的哲学家，继承巴门尼德""存在者存在，非存在不存在""的核心立场，他在巴门尼德""存在论""的基础上，对存在的性质进行了修正和论证，主要包括：
对于存在性质的正面论证：
他否认虚空的存在，并以此为前提证明存在的不动性。因为虚空就是无，无就是不存在。既然没有虚空，那么存在就不能运动，因为一切都是充实的，没有可供它移动的空间。
对于巴门尼德观点的修正：
关于存在有限的观点，他从存在的永恒无限性出发来论证存在的其它性质。从这种永恒无限性，他证明了存在的单一性。""任何事物如果不是整个存在，那么它就不可能永远存在""""如果它是无限的，就应当是单一的，如果它是二，那么就不可能是无限的，而会受到另一个的限制""。
关于存在有体积的观点，他论证：如果它存在，就必定是单一的，作为唯一的存在，就必定没有形体，如果它有体积，那么就存在着部分，且就不再是单一的了。
麦里梭完善了爱利亚学派的存在理论，同时也显露出该学派自身的理论困境。"
苏格拉底与柏拉图哲学,名词解释,2021名词解释：柏拉图的理念论,"理念论是柏拉图哲学的核心内容。其内涵：
理念本义指看见的东西即形状，转义为灵魂所见的东西。理念是柏拉图哲学的核心概念。理念是超越个别事物之外且作为其存在的根据的实在。一类事物有一个理念，感觉事物是多而理念是一，它作为其自身是永恒不变的自我完善的整体。理念世界并非杂乱无章，而是具有层级结构：最低层级是自然物和人造物的理念，中间层级是数学理念（如圆形、三角形），最高层级是""善的理念""，它是所有理念的终极根据，如同太阳使万物可见，善的理念使一切真理和认识得以显现。
理念和事物的关系：
①理念是永恒不变的，它们是普遍、绝对和必然的存在。
②个别事物始终处在生灭变化之中，它们是个别、相对和偶然的。
③理念是知识的对象，而个别事物是感觉的对象。
感性事物通过分有和摹仿理念而获得自身存在，感性事物只是理念的影像。柏拉图由此区分可感的现象世界与可知的理念世界。"
苏格拉底与柏拉图哲学,名词解释,2024名词解释：洞穴比喻,"洞穴比喻是柏拉图用以阐释可见世界与可知世界、感性认识与理性认识关系的经典隐喻。比喻描绘洞穴中被锁住的囚徒只能看见墙壁上的影子，并将影子当作真实。洞穴代表可见世界，洞内火光代表感性领域，洞穴之外代表可知世界，太阳喻指最高的善的理念。囚徒挣脱锁链向上攀升、静观外部事物，象征灵魂上升到可知世界，实现由感性认识向关于理念本体的理性认识的升华。该比喻核心是""灵魂转向""，教育的本质就是促使灵魂转向；同时也隐喻哲学家走出洞穴之后，应当重返洞穴担负治理城邦的使命。"
苏格拉底与柏拉图哲学,名词解释,补名词解释：太阳比喻,太阳比喻出自柏拉图《理想国》，是阐释善的理念的重要比喻。在可见世界，太阳是光的源泉，太阳使眼睛拥有视觉能力，也使可感事物得以产生、生长。类比到可知世界，善的理念相当于理念世界的太阳。善的理念既为认识对象提供真理，又赋予灵魂理性认识的能力，是知识和真理的来源；同时，一切理念的实在性也来源于善的理念。善本身不是存在，但在地位和力量上超越存在。
苏格拉底与柏拉图哲学,名词解释,补名词解释：线段比喻,"线段比喻出自柏拉图《理想国》，用来划分世界的构成与认识的四个等级。将一条线段划分为不相等的两部分，分别代表可见世界与可知世界，再把两部分按相同比例各自再分割。这种比例关系并非偶然，而是对存在等级与认识等级之对应关系的图示：上段与下段之比，等于各子段之间的真实性差异之比。①可见世界包含：想象，以影像、影子为对象；信念，对现实实物的感性认知。②可知世界包含：理智，以数理对象为对象，依靠假设进行推理；理性，依靠辩证法，从理念出发上升到把握善的理念。
四个部分由低到高，对应由感性到理性的不同认识层次，完整展现灵魂的上升过程。"
苏格拉底与柏拉图哲学,名词解释,补名词解释：苏格拉底的精神助产术,"精神助产术是苏格拉底独特的对话方法，也叫苏格拉底法。苏格拉底认为真理早已蕴含在人的心灵之中，教育不是灌输知识，而是通过问答、诘难，不断揭露对方观点中的矛盾，促使对方主动反思，自己认识、引出潜藏在自身内的真理。其起点是""自知其无知""------承认自己无知，正是追求真知的开始。该方法包含反讥、归纳、诱导、定义四个环节。精神助产术开创了西方启发式教育传统，通过逻辑辩论追求普遍定义，但它只适用于已经具备一定知识基础的人，有使用条件上的局限。"
苏格拉底与柏拉图哲学,简答题,2023简答题：苏格拉底的德性即知识,"德性原指事物的特性、品格、特长和功能，即使一事物成为该事物的本性。德性是人的本性，但人不是生来就符合人的本性，只有在理性指导下认识自己的德性，才能使之实现出来，成为现实的和真正的善。
苏格拉底认为未经理性审慎的生活是毫无价值的，一个人只有真正认识他自己，才能成为一个有德性的人。在此前提下，苏格拉底进一步推论：""无人自愿作恶""------人之所以作恶，不是因为意志本身倾向于恶，而是因为缺乏对""善""的真正认识，混淆了善恶的界限。换而言之，一个人是行善还是作恶，关键在于他是否拥有关于""善""的确定知识，这也就意味着：知识不仅是德性的必要条件，甚至被视为德性的充分条件。既然德性是知识，那么德性是可以被传授的。
苏格拉底将德性等同于知识的观点奠定了理性主义伦理学的基础，但是将德性与知识完全等同起来而忽略它们之间的差异是有失偏颇的。这一命题的片面性在亚里士多德那里得到了深刻反思------亚里士多德区分了""伦理德性""与""实践智慧""，指出仅有知识不足以成就德性，还需要习惯的养成和情感的驯化。同时，知识并不是德性的充分条件，有知识不意味着有德性。"
苏格拉底与柏拉图哲学,简答题,2025简答题：柏拉图的政治理论，马基雅维利为什么说他从人的角度考虑国家,"（1）柏拉图的政治理论：
柏拉图的理想国以灵魂三分学说为基础，灵魂分为理性、激情、欲望，对应城邦的三个阶层，统治者的职能是依靠智慧，理性的管理国家；武士的职能是发挥激情，勇敢的保卫国家；生产者的职能是控制欲乐、安分守己、努力劳动。城邦正义就是三个阶层各司其职、互不僭越。
柏拉图认为私有制是一切灾难的祸根，主张在统治者与武士阶层实行共产主义；提倡实行优生优育，按照年龄严格进行不同科目的教育；关于如何实现理想国的方案，他认为要实现哲学和政治的联姻，产生哲学王。
柏拉图的政治理想由于不切实际而无法实现，但是他的思想很有特点，在西方政治学说史上占有重要位置。
（2）马基雅维利说他从人的角度考虑国家的原因：
传统政治思想多从道德、神性、伦理角度来构建国家，依据善恶道德标准来约束政治行为，立足于""人应当如何""的应然理想。而马基雅维利打破了传统伦理政治思维，立足于现实人性本身研究国家和政治。
他抛开善恶道德预设，直面人性自私，趋利避害等现实本性；他不再以理想道德蓝图构建国家，而是从人的本性、现实欲望、社会现状来探求君主的统治手段、国家存续方式；他把政治从道德神学束缚中剥离，将政治研究立足于现实人性与世俗社会，真正开启了近代以人本视角的现实主义政治研究。"
亚里士多德哲学,名词解释,2021名词解释：形而上学,形而上学由亚里士多德创立，称作第一哲学。在希腊文中原意为物理学之后，因其文稿编排置于物理学之后而得名，意指超越具体经验与物理现象，探究终极本体。专门研究存在本身以及存在依本性具备的固有属性，追寻万物终极本原和根本原因。存在范畴范围最广、地位最高，其他具体科学都只研究存在的部分特性，只有第一哲学以存在本身整体本质作为专属研究对象，是纯粹的本体论学说。此外，形而上学在哲学史上还有第二层含义，指与辩证法相对立的思维方式：即孤立、静止、片面地看待事物，否认事物内部的矛盾是事物发展的根本动力。在马克思主义哲学中，形而上学思维方式与辩证法的联系、发展、全面看待事物的方法根本对立。
亚里士多德哲学,名词解释,2022名词解释：亚里士多德的实践智慧,"实践智慧是亚里士多德伦理学的核心概念，是灵魂计算部分的德性。亚里士多德划分理论、实践、创制三类知识。实践以行为自身的完善为目的，创制以外在产品的完成为目的，动因虽然皆源于人自身，但内在目的根本不同；实践以意志、意向为根源，是指导现实行为的知识；创制依托理智、技术和个人能力展开。实践智慧针对可变的人类事物和伦理行为，辨析善恶，在具体处境中审慎思虑，核心功能是对实现伦理目的（幸福）之""正当逻各斯""（正确理性）下手段的恰当选择，指引人做出符合德性的实践活动，追求人生善与幸福，区别于求真的理论知识，生产造物的创制知识。"
亚里士多德哲学,名词解释,2023名词解释：形式因,"形式因是亚里士多德四因说的重要组成部分，用以解释事物的生成与存在。形式因指事物的本质，即决定该事物成为其自身的核心因素，回答了事物""是什么""的问题。形式与质料不可分离，在潜能-现实框架中，质料是潜能，形式是现实，事物的生成就是质料向形式的实现过程，形式规定着质料的现实化。形式因作为事物的定义、类属和内在结构，是决定事物本性的核心原因，与动力因、目的因共同构成亚里士多德解释事物生成与存在的完整因果框架。"
希腊化罗马时期哲学,名词解释,2025名词解释：无动心,"不动心是晚期希腊怀疑论追求的最高境界，指灵魂摆脱扰动后获得的心灵安宁。其实现方式是不作绝对的道德判断、接受表象世界而不执着于真假。有两种状态，一种是无情绪冲动，无主动行为的消极状态，另一种是随遇而安，顺应现实的处世心态。
怀疑论者遵循自然指引、情感本能、习俗法律、实用技艺四类准则正常生活。其本源在于：任何命题都有对等相反命题，无法判定真伪，故应悬搁判断，放弃对事物本质的执着，灵魂遂恢复平静。此即最高善。皮浪被推崇，核心即在于其以""不动心""为核心的伦理处世思想。"
希腊化罗马时期哲学,简答题,2023简答题：伊壁鸠鲁的伦理学思想,"快乐主义伦理学：他提出快乐是幸福生活的始点和终点，他的快乐不是指放荡的快乐和肉体之乐，而是身体的无痛苦和灵魂的安宁。构成快乐的生活的是清晰的推理、寻求选择和避免的原因、排除那些使灵魂不得安宁的观念。快乐分为静态快乐和动态快乐，动态快乐是欲望得到满足的过程，静态快乐是持久稳定的至高幸福，静态快乐高于动态快乐。实现这一幸福的核心机制是""审慎计算""------通过理性权衡不同快乐的长远后果，放弃即时快感以换取持久的灵魂安宁，使理性成为通向幸福的方法论。
神灵与死亡：神虽然存在，但是和人类没有关系，因而不必恐惧。死亡更与我们毫不相干，我们活着时，死亡尚未来临，死亡来临时，我们已经不在了。所以，有智慧的人既不应厌恶生成，也不应恐惧死亡。
欲望的区分：伊壁鸠鲁认为明确欲望的区分（自然必要、自然无益、虚妄欲望），能为获得身体的健康和灵魂的平静而决定选择和避免。伦理最终实现灵魂不动心的理想状态。
社会契约论：他认为国家、法律、公正都不是外力强加的，也不是绝对永恒的，而是人们的相互约定，这一思想在西方政治学说史上具有重要意义。
评述：他强调精神上的快乐要高于感官快乐，他认为有一些事情取决于我们的自由意志，所以人是负有道德责任的。"
经院哲学,简答题,2022简答题：中世纪大学产生的原因及影响,"产生的原因：
十字军东征使欧洲人接触到阿拉伯世界保存的希腊古典文化，西欧的城市复兴，工商业的发展，催生了对专业人才的需求。教皇与皇权的斗争，修会的兴起，为大学提供了自治空间和思想土壤。
亚里士多德著作由阿拉伯学者传入拉丁世界，带来了理性主义思想冲击，教会态度由遏制转向妥协，为亚里士多德著作进入大学课堂提供了可能。
大学源于教师和学生的行业行会，以统一体的形式保障了学术自治，也赋予了大学跨越国界的国际性特征，学者以拉丁语为共同语言，形成欧洲性的学术共同体。
带来的影响：
拉丁阿维洛伊主义等理性思潮在大学兴起，冲击了正统神学，巴黎大论战推动了经院哲学的繁荣，为托马斯主义的形成奠定了基础。
创立了艺学院、神学院、法学院、医学院的四大学院制，奠定了现代大学的学科分类和学术传统。
孕育了理性主义，学术自由与大学自治的精神，为文艺复兴、宗教改革和近代科学革命埋下了伏笔。"
中世纪的唯名论与唯实论,名词解释,2022名词解释：实在论,"实在论是中世纪经院哲学中同唯名论相对立的共相理论，核心主张是共相即心灵中的一般概念，又对应着外部实在，具有客观实在性。实在论认为共相并非仅存于心灵的语词，而是真实存在的实体或本质，根据对共相和个别事物关系的理解，可以分为两种形式：
极端实在论：安瑟伦为代表人物，主张共相是与个别事物相分离的，更高级的独立存在，如柏拉图的理念一般先与个别事物存在。
温和实在论：以托马斯·阿奎那为代表，主张共相存在于个别事物之中，是事物普遍的、实在的本质；同时承认共相在上帝理念中先于事物存在，在人的理智中后于事物存在。
实在论为基督教神学提供了哲学辩护，在中世纪长期占主导地位，其同唯名论的争论推动了经院哲学的发展。"
近代西欧各国哲学的思想文化背景,简答题,2025简答题：简述英国经验论和唯理论的异同,"围绕认识的来源和基础、真理的标准、认识的方法论等问题，哲学家们展开了激烈的争论，形成了两大对立的派别，即经验论和唯理论，二者的共同目标是解决""人类如何获得具有普遍必然性的知识""这一认识论的核心问题。二者的分歧如下：
①认识的来源和基础问题。经验论者认为认识来源于感觉经验，一切知识都必须建立在经验的基础上；唯理论者主张认识来源于天赋观念，知识必须建立在理性的基础上。
②真理的标准问题。经验论者认为经验是检验知识的最基本标准；唯理论者认为知识的真理性在于具有自明性和不矛盾性。
③认识的方法论问题。经验论者认为最有效的方法是经验的归纳方法；唯理论者主张从不证自明的公理出发，经过理性的演绎方法，推导出结论。
二者都以人类认识为研究对象，试图探求知识的来源、可靠性和获取方式；二者都坚持可知论，承认人类能够获得具有普遍性与必然性的知识。但两派理论推演到最后，经验论发展为怀疑论，唯理论滑向独断论，二者分别暴露了近代认识论的深层困境：经验论难以保证知识的普遍必然性，唯理论难以保证知识与客观世界的一致性。"
近代西欧哲学的开端,简答题,2025简答题：简述培根的四假象说,"假象指盘踞在人的头脑中的一些错误观念，它们形成了成见或偏见，使人们不能正确认识到真理，严重阻碍了科学的复兴，培根根据这些错误观念的不同来源把假象分为了四类：
①族类的假象：植根于人类天性之中，人类习惯于以自身尺度衡量万物，从而歪曲事物真相。
②洞穴的假象：源于个人成长环境、性格、教育等差异，每个人如同居于洞穴，仅凭主观视角观察事物。
③市场的假象：产生于人与人的交往活动，人们因语词定义模糊、用词不当造成思想混乱。
④剧场的假象：人们盲目盲从各类哲学体系、教条理论，如同观看戏剧，被动接受现成学说。
培根提出四假象说，旨在清算经院哲学带来的偏见、诡辩与神学唯心体系。
理论意义：从认识论层面揭示认识谬误的根源，为经验归纳法和新科学开辟道路。"
近代西欧哲学的开端,名词解释,2025名词解释：培根的实验科学,"培根是近代实验科学的奠基人，主张科学必须以经验和实验为基础，反对经院哲学单纯的逻辑推演和思辨；他提出四假象说，要求破除人心中各类偏见，保证经验来源的可靠性。他区分了""照管自然的实验""（被动观察）与""拷问自然的实验""（主动干预），实验能够主动拷问自然，获取可靠事实；创立了三表法（存在表、差异表、程度表）和归纳法作为科学研究方法，摒弃了主观臆测；其思想奠定了近代实验论科学范式，推动了自然科学的发展。"
近代西欧哲学的开端,简答题,补简答题：培根的经验归纳法,培根在《新工具》中提出经验归纳法，批判亚里士多德三段论与简单枚举归纳，主张知识源于经验与实验。该方法分为三步：首先通过观察实验收集经验材料；其次运用三表法整理材料，即存在表收集拥有研究性质的正面例证，差异表收集相似却不具备该性质的反面例证，程度表收集该性质增减变化的例证；最后对材料进行排斥、排除，剔除偶然因素，得出事物的形式即普遍公理。培根的归纳法开创近代经验论，奠定近代实验科学方法论基础，但片面强调归纳，忽视演绎的作用，也未能解决归纳问题。
欧洲大陆唯理论,名词解释,2023名词解释：单子论,单子论是莱布尼茨提出的客观唯心主义体系。他认为单子是构成万物的终极精神实体，单子没有广延、不可分割，具有单纯性、复多性、永恒性、自因性和质的差异，单子之间无法相互作用。单子根据知觉的清晰程度分为无限等级，由上帝按照预定的和谐这一原理保证其相互协调，形成连续有序的宇宙整体。
欧洲大陆唯理论,简答题,2023简答题：简述笛卡尔的我思故我在,"①笛卡尔认为，在所有知识真假难辨的情况下，人们可以采取的唯一妥当方法就是进行一场普遍的和彻底的怀疑，将那些稍有疑窦的意见清除出去，寻求清楚明白，不容置疑的知识作为哲学的基础和出发点。
②当人们用这种方式怀疑一切时，这一怀疑本身就表明了一条无可置疑的真理，即我在怀疑本身是无可质疑的。""我思""指一切意识活动，由此确立我思故我在这一可靠真理。
③笛卡尔通过普遍怀疑的方法确定了形而上学的第一原理：我思故我在。为维护该命题的自明性，笛卡尔强调，我思故我在并非逻辑推论，而是理性直观把握到的真理；由此确立精神实体""我""的存在，""我""的本质仅仅是思维，与身体相区别。
④笛卡尔的我思具有划时代的重要意义，为近代哲学奠定了反思性、主体性原则和理性主义等特征，标志着近代哲学的开端。但该命题将思维实体与物质实体割裂开来，确立起身心二元论，也造成了心灵与身体如何相互作用的理论难题。"
欧洲大陆唯理论,名词解释,2024名词解释：笛卡尔的广延说,"笛卡尔在形而上学中规定了心灵和物体的性质：心灵的本质属性是思想，物体的本质属性则是广延。
①广延是指具有长、宽、高三向量的形体。因为物有广延就存在，无广延就不存在，所以广延是物质实体的根本属性；物质与广延不可分离，心灵不具备广延。
②具有长、宽、高三向量的广延，不仅是构成物体的本质，同时也是构成空间的本质，二者的区别在于：在物体中，人们从个别特殊方面观察它们，认为它们随物体的变化而变化；在空间中，人们从一般方面观察它们，认为广延具有概括的统一性。
广延说是笛卡尔心物二元论的重要理论支撑，也使物质世界具有了可量化和数学化的特征，为笛卡尔的机械论自然观及近代科学革命奠定了哲学基础。"
欧洲大陆唯理论,简答题,2024简答题：简述斯宾诺莎的泛神论,"斯宾诺莎的泛神论是近代哲学重要的一元论思想，核心观点是神与自然完全同一。
①实体即神，也即自然：斯宾诺莎提出，宇宙中只有一个唯一的实体，这个实体就是神，也等同于整个自然。实体是在自身内通过自身被认识到的存在，具有自因、无限、永恒、唯一、不可分的特点，神不是超脱自然的人格化上帝，而是内在于万物之中，与自然本身就是同一个东西。
②属性和样式：实体有无限多的属性，能被人认识到的主要是思想和广延，二者是同一实体的不同表现形式，彼此平行、互不影响。我们看到的万事万物都是实体的样式，也就是实体的具体表现形式。它们都依附于实体而存在，受实体内在必然性的支配。
③核心特征与影响：斯宾诺莎的泛神论否定了超验的上帝，将神还原为自然本身，既克服了笛卡尔的心物二元对立，也用理性主义的方式冲击了传统神学，为近代哲学的一元论和无神论开辟了思想道路，对后世德国古典哲学影响深远。"
欧洲大陆唯理论,名词解释,2025名词解释：最高实体,斯宾诺莎的最高实体（神/自然）是在自身内通过自身被认识到的东西，是宇宙中唯一、自因、无限、永恒、不可分的终极存在，它的本质由无限多的属性构成，能被人认识到的主要是思想和广延，二者是同一实体的不同表现形式，彼此平行、互不影响。世间万物都是实体的具体样式，依附于实体而存在，实体、神、自然是同一存在的不同表述，它以内在必然性支配万物，是斯宾诺莎一元论哲学的核心，奠定了其泛神论的基本思想。
欧洲大陆唯理论,名词解释,2025名词解释：神正论,神正论是莱布尼茨为解决恶的存在和上帝全善、全能之间的矛盾而提出的神学---哲学体系，也是对其预定和谐和单子论思想的补充。他认为，上帝依据充足理由律，在所有可能的世界中选择并创造了最好的世界，即现实世界。现实中存在的物理之恶和伦理之恶并非对上帝全善的否定，其根本来源在于受造物的有限性及其自由意志的误用，因而恶只是局部、必要的环节，服务于整体的和谐与稳定，最初促成惩恶扬善的完善秩序。神正论不仅为上帝的正义和至善辩护，也论证了宇宙预定和谐的合理性。
英国经验论,简答题,2021简答题：简述霍布斯的社会契约论,"霍布斯的社会契约论以自然状态和自然法、自然权利为基础。自然权利指每个人""利用一切手段保存自己""的自由。他认为人在进入社会之前处于一切人反对一切人的战争状态，为了摆脱这一困境，实现和平自保，理性引导人们发现自然法：第一条寻求和平；第二条在他人愿意时放弃对一切事物的权利；第三条必须履行所订立信约。正是基于这些自然法，人们订立社会契约，放弃管理自身的权利，但这不仅是""放弃""，更是""授权""------每个人都把自己的意志授予一个公共人格，将其统一转交给一个人或集体，由此形成具有绝对主权的国家（利维坦）。主权者不参与缔约，不受契约约束，其绝对权力的正当性在于唯一目的------保障臣民的安全与和平（""保护即服从""）；若主权者无法保障安全，臣民便不再受契约约束。核心目的是保障臣民的安全与和平。这一理论学说以理性主义契约论彻底取代""君权神授""，为近代国家学奠定了基础，也体现了早期资产阶级对国家合法性的理性思考。"
英国经验论,名词解释,2022名词解释：白板说,"白板说是洛克的认识论学说。他否定天赋观念论，指出不存在人类普遍统一的天赋原则，道德规范、宗教信条在不同时代、不同民族与地区均存在差异；同时驳斥上帝观念天赋说，人们对上帝的认识并不统一，该观念并非天赋而来，他还指出，天赋观念易催生盲目信仰，使人被支配，被利用。洛克认为无需借助天赋观念来解释认识来源，他提出人心原本如同白板，一切知识和观念都来自于后天经验。在此之上，洛克进一步将经验分为两个来源：一是""感觉""，即对外部事物的感知；二是""反省""，即心灵对自身内在心理活动的知觉，由此阐述认识的起源问题。充"
英国经验论,简答题,2023简答题：简述洛克的两种性质的观念,"洛克把理论（观念）划分为物体客观性质与人的主观观念两个层面，将物体性质分为第一性的质和第二性的质。
第一性的质：是物体本身具有的根本属性，即无论物体经历何种变化，都绝对不可与物体分离的性质，包括大小、形状、数目、位置、运动静止，由它产生的观念与物体原型一致，是对客观性质的真实摹写。
第二性的质：本质上不是物体本身具有的实在性质，而是一种""能力""，它依托第一性的质，是物体凭借其第一性质的微粒作用于感官、产生色声香味等观念的能力；色、声、味这类观念并不客观存在于物体之中，属于人的主观感受，不存在对应的外物原型。
这一划分的关键认识论准则在于：第一性质的观念与原物相似（具有相似性），而第二性质的观念仅为主体感受、无原型对应。该划分清晰区分客观物质属性与主体感官观念，深刻影响近代经验论哲学，但该区分也存在理论漏洞，为贝克莱否定物质实体、走向主观唯心主义埋下伏笔。"
18世纪法国哲学,简答题,2021简答题：卢梭的社会契约论,"卢梭的社会契约论旨在解决""人生而自由，却无往不在枷锁之中""的根本悖论。
①社会契约是合法权利和正常政治制度的必要前提和条件。人类在自然状态中遇到个人力量难以克服的障碍，唯有集合全部力量才能自保。
②契约的本质是每个结合者及其自身的一切权利""全部转让""给整个集体，因转让条件对所有人相同，故无人愿意加害自己。公意代表公共利益，是永远公正、不可分割且不可转让的主权体现；它与众意不同，众意关注私人利益总和，公意是众意排除相异部分后剩余的相同部分，着眼于公共福祉。公意在政治实践中表现为法律，因此服从法律即服从自己，人由此从""自然的自由""进入""道德的自由""。
③契约行为通过这一""全部转让""产生一个道德的和集体的共同体，即由全体个人结合而成的公共人格------""共和国""或""主权者""；每个结合者同时具有双重身份，作为主权者成员参与立法，作为臣民服从法律。
④卢梭进一步区分主权者与政府，主张共和国是普遍政治形式，但具体政体应依国情选择，并无绝对的""最好""政体。"
18世纪法国哲学,简答题,2021简答题：孟德斯鸠的三权分立,"孟德斯鸠的三权分立是指立法权，关于国际法事项的行政权，关于司法和民政法规事项的司法权的各自独立，是对洛克分权思想的发展。其最核心的原则在于：""要防止滥用权力，就必须以权力约束权力""，即三权既分立又制衡，是孟德斯鸠分权学说中最重要的部分。他认为，国家权力不能集中掌握在一个人或者机关手中，否则不能保障社会自由和公民自由，他提出政治自由是通过三权的分立来保障的。他强调权力的相互约束，具体机制表现为：立法机关有权审查行政机关执法情况，行政机关虽不参与立法但对立法有否决权，司法权则完全独立、不受立法和行政干涉；立法机关应定期集合，以避免行政权掌控立法议程。通过特定的力量平衡，以达到权力控制权力的目的。他主张由人民选举的代表行使立法权；国王掌握行政权和军队；司法权则由选自人民阶级的法官依照法律的规定行使审判权，不受立法权和行政权的干涉。
该理论直接影响了法国《人权宣言》和美国宪法中的分权设计，成为近代宪政制度的理论基石。"
18世纪法国哲学,简答题,2022简答题：卢梭的人类不平等起源,"理论依据：卢梭以自然法理论为核心，对比自然状态和社会状态，揭示二者内在矛盾。自然状态下，人是孤立的，仅凭自我保存和怜悯心生活，人人自由平等；进入社会状态后，不平等随着社会发展不断产生和加剧。自然状态下的人类拥有两大先天本原：自我保存和怜悯之心，二者共同构成了自然法的来源，此时人人自由平等。
不平等产生的内在动因：人区别于动物拥有自我完善化能力，推动人不断发展，是不平等产生的内在根源。随着交往增多，产生比较、虚荣、嫉妒等心理，人与人之间出现最初的优劣差异。
不平等产生的现实契机：冶金术和农业技术的发展带来分工，劳动产出催生私有制，""谁第一个圈地并声称这是他的，谁就是文明社会的真正奠基人""。私有制是自我完善化发展的必然产物，是文明社会的根基。
不平等发展经历三个阶段：私有制造成贫富分化，是不平等第一阶段；人们缔结契约建立国家，权力形成强弱对立，为第二阶段；政权持续腐化最终形成专制暴政，主人与奴隶对立，不平等发展达到顶点。
解决措施：私有制无法消灭，只能通过制度加以约束、限制，并以""社会契约""重建合法政治秩序，缓和社会不平等。"
18世纪法国哲学,名词解释,2023名词解释：人是机器,"是18世纪法国机械唯物主义哲学家拉美特利在著作《人是机器》中的核心命题，目的是批判笛卡尔的身心二元论。
核心观点：身体和心灵均由物质构成，心灵依附于身体，二者都遵循机械运动规律，人和动物具有相同本质，由动物是机器推导出人是机器。人体具备纯粹机械属性，不存在脱离物质的独立精神心理，人的思维、意识，都是人脑这一物质机器的机械运转结果。
理论局限性：该观点抹杀人和动物的根本区别，将人体全部生命活动，人的精神意识全部简单还原为机械位移，无视生物生命活动和人的意识能动性，体现出机械唯物主义固有的片面性。"
康德的批判哲学,简答题,2022简答题：康德的绝对命令,"绝对命令是康德伦理学的核心范畴，又称定言命令，是康德提出的最高道德原则。康德将道德法则以命令形式区分为假言命令与定言命令两类。其中，假言命令是有条件的行为准则，人们遵守它是为了实现外在功利目的，不具备纯粹的道德价值；而绝对命令是无条件的、普遍有效的道德命令，其本身就是目的，不以任何利益、偏好为前提，是评判纯粹道德行为的唯一标准。
绝对命令包含三大核心公式，构成完整的道德规范体系。第一，普遍性公式，个体的行为准则必须能够普遍适用，成为对所有理性存在者都有效的客观法则；第二，质料公式，强调人是自在目的，要求在一切行为中始终把人当作目的本身，不能将人单纯视作实现他人目的的手段；第三，自律性公式，主张理性存在者具有自我立法能力，道德法则由人的理性自主确立，实现意志自我约束、自我规范。
绝对命令的本质是意志自律。它使人摆脱自然本能、感性欲望的束缚，不再受外在必然性支配，依靠自身理性确立道德法则，真正实现人的道德自由，是康德整个道德哲学的核心与基石。"
康德的批判哲学,名词解释,2023名词解释：康德的先验感性论,"先验感性论是康德认识论的基础部分，专门探究感性直观的先天认识形式。感性是主体接受对象刺激、获得感觉材料的能力，也是人唯一直观对象的能力，分为经验直观和纯直观，时空是感性先天直观形式，康德通过形而上学阐明和先验阐明两层论证时空的先天性。
形而上学阐明：空间非外部经验派生的概念；是外部直观必然的先天表象；是纯粹直观而非经验概念；空间是无限被给予的量。时间也遵循同样论证结构。
先验阐明：论证时空是一切经验直观得以可能的先天前提条件。
核心结论：时空不是物自体本身的存在方式，也不是事物客观的外在关系，只是人感性固有的先天直观形式，是现象得以显现的主观条件。由此我们只能认识现象，而不能认识物自体。"
康德的批判哲学,名词解释,补名词解释：康德的现象,康德所说的现象，是物自体刺激人的感官，经由感性直观形式（时间、空间）与知性范畴整理之后呈现给我们的表象。现象并非自在之物本身，而是我们可以认识的对象；物自体不可认识，我们的知识只能局限于现象界。康德区分现象与物自体，一方面为科学知识的普遍必然性奠基，另一方面为道德、信仰留出地盘。
康德的批判哲学,名词解释,2024名词解释：绝对命令,"善良意志的自律性原则就是康德的绝对命令又称定言命令，道德法则以命令式呈现，分为假言命令和定言命令，假言命令是有条件的行为准则，为外在目的而遵守；定言命令是无条件的命令，自身即为目的，是纯粹道德的唯一标准。
三大核心公式包括：普遍性公式：适用于所有理性存在者的普遍客观法则；质料公式：始终把人当作自在目的，而非单纯的当作手段；自律性公式;理性存在者自我立法，自己为自己确立道德法则。
自律是绝对命令最根本的规定，是人挣脱自然必然，实现意志自律的关键。绝对命令在实践理性中需以""三大悬设""为前提------意志自由、灵魂不朽、上帝存在------它们共同保证德性与幸福的最终一致，使道德法则在现实世界中具有完满的实践效力。"
康德的批判哲学,简答题,2024简答题：简述康德的先天性纯粹理性批判,"近代经验论、唯理论争论陷入困境，康德发动哥白尼式革命：不是认识符合对象，而是对象符合人先天的认识形式。《纯粹理性批判》全书核心问题：先天综合判断何以可能。先天指独立于经验，具有普遍必然性的主观认识框架。
先验感性论：感性唯一直观形式是时空。通过形而上学阐明证明时空不是物自体属性，而是人主观先天直观形式，先验阐明证明时空是一切感性经验得以成立的先天条件。
先验分析论：知性拥有一套先天范畴。通过先验演绎证明范畴是经验对象成立的先天条件，时间先验图示沟通感性与知性，知性为自然立法，我们只能运用先天范畴认识现实，不能认识物自体本身。
先验辩证论：理性具有先天理念（灵魂、世界、上帝），作用是统一知识，追求完满性。但如果将这些先天理念当作客观认识对象，会产生先验幻相（二律背反等），传统形而上学因此犯错。
意义：先天认识形式论证了科学知识的普遍必然性，同时划定理论理性边界，限制知识，为道德（实践理性）留出地盘。"
康德的批判哲学,简答题,2025简答题：简述先验幻相，康德如何验证,"先验幻相的含义与根源：理性有三类先天理念，即灵魂、世界、上帝。理念本来只起调节作用，引导知性知识走向完整统一。但理性有一种内在自然倾向，误把只适用于现象界的知性范畴，超验运用到先天理念之上，由此产生不可避免的先验幻相，康德通过三种形式的推理，分别验证三种先验幻相：
①针对灵魂理念的纯粹理性的谬误推论：理性心理学将逻辑上的我思（先验统觉）实体化，推论灵魂是单一、不朽的精神实体。康德指出我思只是思维的形式条件，不能用实体范畴规定，这是把主观思维条件当作客观认识对象造成的幻相。
②针对世界理念的纯粹理性的二律背反：理性宇宙论对世界整体产生两组相互矛盾又逻辑自洽的正反命题（例如世界有限/世界无限）。矛盾根源是混淆现象和物自体：把只适用于现象的范畴用来规定作为整体的世界（物自体），证明此种幻相。
③针对上帝理念的纯粹理性的理想：理性神学试图通过本体论证明等论证上帝存在，康德指出，上帝只是理性完备性的理想概念，不能用存在范畴推论其客观实存，超出经验推论就会产生幻相。
总结：康德并非否定理念本身，而是证明先验幻相是理性自然的错觉，只要区分现象与物自体，认识到范畴只能运用于现象，就能避免将幻相当作客观真理，但幻相本身无法彻底根除。"
黑格尔哲学,简答题,2024简答题：黑格尔的绝对真理,"黑格尔提出真理是全体，真理不是孤立静止的结论，而是绝对精神辩证运动的完整有机整体。有限事物与有限认识都是全体的片面环节。只有扬弃全部有限环节所达到的完满全体，才是绝对真理。
绝对真理的现实主体是绝对精神。黑格尔主张实体即主体与思维和存在的同一，绝对精神自身具有能动性，经历逻辑学（纯粹理念自在）、自然哲学（理念外化自为）、精神哲学（理念回归自身自在自为）三个阶段。
在精神哲学终点的哲学中，绝对精神运用纯粹概念完全实现自我认识，此时主观与客观，思维与存在彻底统一，就达到绝对真理。艺术、宗教只能以直观、表象的形式把握真理，无法抵达绝对真理。
辩证的否定（扬弃）是绝对真理运动的内在动力。通过正题、反题、合题的哲学圆圈运动，较低阶段的合理内容被保留并提升。绝对真理不是脱离过程的静止终点，它就是辩证运动过程本身。
评价：黑格尔将真理理解为历史的辩证发展过程，但绝对真理最终归结为精神自我认识，属于客观唯心主义，把个人当作绝对精神实现自身的工具，具有局限性。"
黑格尔哲学,名词解释,2022名词解释：现象学,现象学是黑格尔在《精神现象学》中提出的关于意识自身显现的科学，是关于意识的经验科学，作为其哲学体系的导论。黑格尔主张现象就是本质，精神唯有通过自身显现的现象形态才能认识内在本质。它描述自然意识从感性确定性出发，经历诸多辩证扬弃运动，在矛盾的推动下逐渐上升至绝对知识。意识自我发展的道路同时体现逻辑与历史的统一，现象学作为通往《逻辑学》的阶梯，论证了人类意识能够抵达纯粹概念的哲学认识，突破了传统哲学本质与现象二元对立的观点。
现代哲学思潮,名词解释,补名词解释：存在先于本质,"""存在先于本质""
是萨特存在主义的核心命题。传统观点认为人先有既定本质而后存在，萨特主张人首先存在、出场，而后通过自身自由选择与行动创造自己的本质。人没有先天固定的本性，人的本质由自己的选择造就；这意味着人要为自己的选择承担全部责任。该命题突出人的自由与主体性，但带有主观主义色彩。"
